<?xml version="1.0" encoding="UTF-8" ?>
<!DOCTYPE mapper
        PUBLIC "-//com.xtzyjsxy.mybatis.org//DTD Mapper 3.0//EN"
        "http://mybatis.org/dtd/mybatis-3-mapper.dtd">
<mapper namespace="com.yyb.Dao.StuMapper">
    <resultMap id="Student" type="com.yyb.entity.Student">
        <id property="id" column="id"/>
        <result property="username" column="username"/>
        <result property="password" column="password"/>
        <result property="sex" column="sex"/>
        <result property="age" column="age"/>
    </resultMap>

    <select id="getPS" resultMap="Student">
        select * from student where username = #{username}
    </select>
</mapper>

